{
  "main": {
    "id": "dc2b535dc1ed8c26",
    "type": "split",
    "children": [
      {
        "id": "ba50be0461426c37",
        "type": "tabs",
        "children": [
          {
            "id": "7e73cd3c1ac90be2",
            "type": "leaf",
            "state": {
              "type": "markdown",
              "state": {
                "file": "Author.md",
                "mode": "source",
                "backlinks": true,
                "source": false
              }
            }
          }
        ]
      }
    ],
    "direction": "vertical"
  },
  "left": {
    "id": "56755c128efbf9ce",
    "type": "mobile-drawer",
    "children": [
      {
        "id": "f6ed846cc5a3299d",
        "type": "leaf",
        "state": {
          "type": "file-explorer",
          "state": {
            "sortOrder": "byCreatedTimeReverse"
          }
        }
      },
      {
        "id": "82e933c54307fb5b",
        "type": "leaf",
        "state": {
          "type": "search",
          "state": {
            "query": "tag:Terraform",
            "matchingCase": false,
            "explainSearch": false,
            "collapseAll": false,
            "extraContext": false,
            "sortOrder": "alphabetical"
          }
        }
      },
      {
        "id": "00825e1cb86d5794",
        "type": "leaf",
        "state": {
          "type": "tag",
          "state": {
            "sortOrder": "frequency",
            "useHierarchy": true
          }
        }
      },
      {
        "id": "e2fa115a92699568",
        "type": "leaf",
        "state": {
          "type": "bookmarks",
          "state": {}
        }
      },
      {
        "id": "0d013f8249437484",
        "type": "leaf",
        "state": {
          "type": "all-properties",
          "state": {
            "sortOrder": "frequency",
            "showSearch": false,
            "searchQuery": ""
          }
        }
      }
    ],
    "currentTab": 0
  },
  "right": {
    "id": "fc87ed9ecc7973a0",
    "type": "mobile-drawer",
    "children": [
      {
        "id": "73052e4e9d8e3751",
        "type": "leaf",
        "state": {
          "type": "backlink",
          "state": {
            "file": "Author.md",
            "collapseAll": false,
            "extraContext": false,
            "sortOrder": "alphabetical",
            "showSearch": false,
            "searchQuery": "",
            "backlinkCollapsed": false,
            "unlinkedCollapsed": true
          }
        }
      },
      {
        "id": "d0b1fef458eac341",
        "type": "leaf",
        "state": {
          "type": "outgoing-link",
          "state": {
            "file": "Author.md",
            "linksCollapsed": false,
            "unlinkedCollapsed": true
          }
        }
      },
      {
        "id": "38ffb1a2025c1264",
        "type": "leaf",
        "state": {
          "type": "outline",
          "state": {
            "file": "Author.md"
          }
        }
      },
      {
        "id": "705d4085e66b8b28",
        "type": "leaf",
        "state": {
          "type": "git-view",
          "state": {}
        }
      }
    ],
    "currentTab": 3
  },
  "left-ribbon": {
    "hiddenItems": {
      "markdown-importer:Open format converter": false,
      "zk-prefixer:Create new unique note": false,
      "workspaces:Manage workspace layouts": false,
      "switcher:Open quick switcher": false,
      "graph:Open graph view": false,
      "canvas:Create new canvas": false,
      "daily-notes:Open today's daily note": false,
      "templates:Insert template": false,
      "command-palette:Open command palette": false
    }
  },
  "active": "7e73cd3c1ac90be2",
  "lastOpenFiles": [
    "Cloud Technologies",
    "Terraform Design Steps.md",
    "Author.md",
    "Scope.md",
    "Obsidian/obsidian-backup.git/objects/82/7ceb19ac8e78664aaa55a94b86f12dbc3785e3",
    "Obsidian/obsidian-backup.git/objects/21/fd5b9327a7256239e9e55063cc3fb57f87167d",
    "Obsidian/obsidian-backup.git/objects/21",
    "Obsidian/obsidian-backup.git/objects/0f/8aaea50c188921f2d85f3d44ef3824945888ee",
    "Obsidian/obsidian-backup.git/objects/0f",
    "Obsidian/obsidian-backup.git/objects/b1/821dcd799ce6948c2419f72ee95c626f9edb03",
    "Obsidian/obsidian-backup.git/objects/ee/712db75896f01c146f616e3132d12254ccfb48",
    "Obsidian/obsidian-backup.git/objects/88/a8a04ba52cb7f93af0f2aed3bc60d6b6e877de",
    "Obsidian/obsidian-backup.git/objects/aa/de10e1cfb78f6055147d9d2c10c71024f31c52",
    "Obsidian/obsidian-backup.git/objects/b4/3515d7fe9c7be459315ef4da05d474647449a1"
  ]
}